Column,RMSE
Vazao,921522576.2308613
Vazao_bbr,1578078220.7871866
